Course,Number
COEN 10,26481
COEN 10,26486
COEN 10L,26490
COEN 10L,26498
COEN 10L,26509
COEN 10L,26491
COEN 11L,26534
COEN 11,26523
COEN 11L,26524
COEN 12L,26515
COEN 12L,27944
COEN 12,27942
COEN 19,26503
COEN 19,26510
COEN 20,26478
COEN 20L,26489
COEN 20L,26482
COEN 20L,26533
COEN 20,26532
COEN 21,28059
COEN 21,28060
COEN 21,28061
COEN 21L,28062
COEN 21L,28063
COEN 21L,28064
COEN 21L,28065
COEN 21L,28066
COEN 21L,28067
COEN 44,26516
COEN 44L,26517
COEN 44L,26518
COEN 45,26501
COEN 45L,26502
COEN 60,26525
COEN 60L,26526
COEN 127,28094
COEN 127L,29325
COEN 145,27948
COEN 145L,26508
COEN 148,27949
COEN 148L,26530
COEN 160,27951
COEN 160L,27954
COEN 161,26511
COEN 161L,26492
COEN 161L,26493
COEN 165,29316
COEN 168,26531
COEN 168L,28096
COEN 174L,26494
COEN 174L,26522
COEN 174,26479
COEN 174L,26495
COEN 177L,26496
COEN 177L,26543
COEN 177L,26506
COEN 177,26480
COEN 177L,26497
COEN 177,26505
COEN 188,30192
COEN 193,30129
COEN 193,30127
COEN 193,30132
COEN 193,30102
COEN 194,29363
COEN 194,29364
COEN 194,29368
COEN 194,29366
COEN 194,29361
COEN 194,29362
COEN 194,29365
COEN 194,29359
COEN 194,29367
COEN 194,29369
COEN 194,29386
COEN 194,26513
COEN 194,29360
Â 
